Gene name,Mutated samples,Samples tested
BAP1_ENST00000615113,0,1177
SF3B1_ENST00000409915,0,1152
SF3B1_ENST00000414963,0,1152
SF3B1_ENST00000487698,0,1152
MYC_ENST00000641252,0,1144
MYC_ENST00000641036,0,1144
TNFRSF14_ENST00000409119,0,1128
PPP2R1A_ENST00000477989,0,1113
PPP2R1A_ENST00000628959,0,1113
CDK4_ENST00000312990,0,1112
CDK4,0,1112
CDK4_ENST00000549606,0,1112
RAD51C_ENST00000421782,0,1111
MDM4_ENST00000367180,0,1111
MGA_ENST00000619521,0,1111
MITF_ENST00000394348,0,1111
MDM4_ENST00000507825,0,1111
CCL26,0,1099
CCL26_ENST00000005180,0,1099
MAPK3_ENST00000395202,0,1098
MAPK3_ENST00000484663,0,1098
MAPK3_ENST00000395200,0,1098
MAPK3_ENST00000395199,0,1098
H3F3C,0,1097
MAP3K13_ENST00000448876,0,1097
TIMM8B_ENST00000504148,0,1097
ANKRD11_ENST00000567736,0,1097
MAP3K13_ENST00000438798,0,1097
BCL2L11_ENST00000405953,0,1097
TIMM8B,0,1097
EED_ENST00000527888,0,1097
MAP3K13_ENST00000454237,0,1097
CHD2_ENST00000629346,0,1026
TSHZ2_ENST00000626626,0,1026
CHD2_ENST00000627622,0,1026
BCL2L2,0,1026
RRAS,0,1026
HOXC13,0,1024
TMEM198_ENST00000373883,0,1016
TMEM198,0,1016
HIST1H2AB,0,1015
HEXB_ENST00000509579,0,1015
MFSD11_ENST00000590393,0,1015
DNAJC14_ENST00000646577,0,1015
HIST3H2BB,0,1014
PET100_ENST00000456958,0,1014
NAA10_ENST00000370009,0,1014
SERINC4,0,1014
WDR54_ENST00000409791,0,1014
NAT9_ENST00000582524,0,1014
MED29,0,1014
GPANK1_ENST00000375895,0,1014
GPANK1_ENST00000375893,0,1014
CRYAB_ENST00000526180,0,1014
NDUFS3,0,1014
MED29_ENST00000615911,0,1014
FAM243A,0,1014
CPHXL,0,1014
SPDL1_ENST00000629457,0,1014
WDR54,0,1014
PRLH,0,1014
CDK16_ENST00000622098,0,1014
BRD3OS_ENST00000603928,0,1014
MED29_ENST00000599213,0,1014
COQ10A_ENST00000433805,0,1014
CRYAB_ENST00000525823,0,1014
CRYAB_ENST00000533971,0,1014
CRYAB_ENST00000227251,0,1014
GPANK1,0,1014
NAT9_ENST00000583476,0,1014
SDCBP_ENST00000447267,0,1014
CCL27,0,1014
CTBP1_ENST00000629223,0,1014
PANO1,0,1014
CRYAB_ENST00000533280,0,1014
PUSL1,0,1014
KIF9_ENST00000425452,0,1014
MTLN_ENST00000426713,0,1014
CDK16_ENST00000457458,0,1014
SNAPC2_ENST00000597584,0,1014
MED29_ENST00000594368,0,1014
KIF9_ENST00000432493,0,1014
CMTM5_ENST00000382809,0,1014
AL121845.2,0,1014
COQ10A_ENST00000546544,0,1014
PET100,0,1014
GPANK1_ENST00000375896,0,1014
GPANK1_ENST00000375900,0,1014
NAA10_ENST00000370015,0,1014
MT1A,0,1014
PET100_ENST00000601406,0,1014
SERINC4_ENST00000299969,0,1014
PPP1R11_ENST00000376758,0,1014
LY6E_ENST00000522024,0,1014
NAA10_ENST00000393712,0,1014
SNAPC2,0,1014
CDK16_ENST00000357227,0,1014
MRLN,0,1014
C19orf67,0,1014
KIF9_ENST00000425853,0,1014
SMIM29,0,1013
ZNF616_ENST00000596290,0,1013
AL162231.1_ENST00000423809,0,1013
BTN3A2_ENST00000527422,0,1013
AC022506.1,0,1013
MMP23B,0,1013
CNOT7_ENST00000523917,0,1013
COX8C,0,1013
GSAP_ENST00000441833,0,1013
DBNDD2_ENST00000372717,0,1013
PPP1R14A_ENST00000587515,0,1013
OR52I1,0,1013
SMIM29_ENST00000468145,0,1013
MTLN_ENST00000611969,0,1013
IFITM1_ENST00000328221,0,1013
TMEM91_ENST00000413014,0,1013
BRD2_ENST00000496118,0,1013
APPL2_ENST00000546731,0,1013
MRPL24,0,1013
S100A13_ENST00000339556,0,1013
HBA2_ENST00000397806,0,1013
TLCD1,0,1013
OVOL3_ENST00000585332,0,1013
DBNDD2_ENST00000372712,0,1013
OR52I1_ENST00000450052,0,1013
SMIM29_ENST00000481533,0,1013
ELP5_ENST00000574255,0,1013
NUDT16L1,0,1013
RPS21,0,1013
FDX2_ENST00000492239,0,1013
DCTN3_ENST00000378913,0,1013
RNF170_ENST00000526349,0,1013
PDLIM5_ENST00000359265,0,1013
C3orf18_ENST00000422619,0,1013
ATP6V0B_ENST00000472174,0,1013
TNFRSF17_ENST00000396495,0,1013
CCDC28B,0,1013
ALKBH6_ENST00000486389,0,1013
TAF8_ENST00000482432,0,1013
C19orf70,0,1013
RNF170_ENST00000527424,0,1013
CDKN2D,0,1013
COX4I1_ENST00000253452,0,1013
TMSB10,0,1013
TMEM185A_ENST00000613273,0,1013
TUBB,0,1013
TMEM263_ENST00000547081,0,1013
PDLIM5_ENST00000512274,0,1013
COX4I1_ENST00000564903,0,1013
HIST1H4L,0,1013
SHISA4,0,1013
NEDD8_ENST00000524927,0,1013
CSF3_ENST00000331769,0,1013
BTN3A2_ENST00000396948,0,1013
IFITM1,0,1013
MARCKSL1,0,1013
SMIM29_ENST00000476320,0,1013
ITM2C_ENST00000620962,0,1013
KCTD7_ENST00000443322,0,1013
KDM4F,0,1013
CSTL1_ENST00000619238,0,1013
PDLIM5_ENST00000504489,0,1013
ZNF230_ENST00000585632,0,1013
IGHV3-72,0,1013
MTFP1_ENST00000629597,0,1013
DBNDD2_ENST00000360981,0,1013
CDCA3_ENST00000422785,0,1013
TMEM91_ENST00000356385,0,1013
C19orf25_ENST00000585675,0,1013
DBNDD2,0,1013
CSF3_ENST00000394149,0,1013
C12orf73_ENST00000552940,0,1013
CSF3,0,1013
TNFRSF17,0,1013
SAP25,0,1013
PPP1R14A_ENST00000591585,0,1013
SUPT16H_ENST00000555943,0,1013
FAM136A,0,1013
NUDT8,0,1013
ALKBH6_ENST00000252984,0,1013
SMIM29_ENST00000335352,0,1013
SMCO4_ENST00000596676,0,1013
C19orf25_ENST00000427685,0,1013
AL162231.1_ENST00000544078,0,1013
OR4E1,0,1013
ATP6V0B_ENST00000236067,0,1013
TMEM91,0,1013
RNF170_ENST00000319073,0,1013
PRR13_ENST00000549740,0,1013
ATP5ME,0,1013
ZNF865_ENST00000630143,0,1013
BRD3OS,0,1013
COPS9_ENST00000607357,0,1013
BRD3OS_ENST00000432807,0,1013
C19orf70_ENST00000587589,0,1013
HSPE1,0,1013
MYOCOS_ENST00000637642,0,1013
SCGB2B2_ENST00000379204,0,1013
NUDT16L1_ENST00000586536,0,1013
PRAC2,0,1013
ACSM5_ENST00000575070,0,1013
CCT7_ENST00000626868,0,1013
IFITM1_ENST00000528780,0,1013
ATP6V0B,0,1013
SPINK7_ENST00000523535,0,1013
SMIM29_ENST00000394990,0,1013
CSF3_ENST00000394148,0,1013
OVOL3,0,1013
GABARAP_ENST00000571253,0,1013
TMEM91_ENST00000447302,0,1013
COX4I1_ENST00000561569,0,1013
SAP25_ENST00000622764,0,1013
TMEM101_ENST00000587529,0,1013
ALKBH6_ENST00000485128,0,1013
MMP24OS,0,1013
ZNF283_ENST00000590950,0,1013
C19orf25_ENST00000592872,0,1013
SLC2A10_ENST00000486000,0,1013
SLC39A3_ENST00000455372,0,1013
THSD8,0,1013
IKBKB_ENST00000518983,0,1013
LKAAEAR1_ENST00000302096,0,1013
COX19,0,1013
GNG3,0,1013
FAM19A3,0,1013
SQSTM1_ENST00000626660,0,1013
MAFG,0,1013
CKMT1A_ENST00000626814,0,1013
NUPL2_ENST00000548367,0,1013
CRAT_ENST00000393384,0,1013
TMEM91_ENST00000542945,0,1013
LUZP6,0,1013
PKIG_ENST00000349959,0,1013
PTP4A2_ENST00000627328,0,1013
GABARAP_ENST00000577035,0,1013
TAF8_ENST00000372978,0,1013
ATP6V0B_ENST00000471859,0,1013
HSPE1_ENST00000409729,0,1013
PPP1R14A,0,1013
MYOCOS_ENST00000636697,0,1013
OR2F2,0,1013
ACSM5_ENST00000575584,0,1013
TAS2R14,0,1013
GABARAP_ENST00000571129,0,1013
C19orf25,0,1013
PTP4A2_ENST00000626355,0,1013
ANK3_ENST00000486349,0,1013
TMEM91_ENST00000544232,0,1013
CD320_ENST00000537716,0,1013
FAM19A3_ENST00000361886,0,1013
MARCH9_ENST00000548358,0,1013
SLC4A1_ENST00000631130,0,1013
ELP5_ENST00000573657,0,1013
PPP1R14A_ENST00000591291,0,1013
RNF170,0,1013
FBXL8_ENST00000521920,0,1013
S100A13,0,1013
NUDT8_ENST00000301490,0,1013
NPM3,0,1013
MARS_ENST00000630571,0,1013
HPCA,0,1013
TAF8_ENST00000472818,0,1013
CCAR2_ENST00000521301,0,1013
CCDC28B_ENST00000373602,0,1013
NUDT16L1_ENST00000586252,0,1013
FAM136A_ENST00000430566,0,1013
CD320,0,1013
LY6G5C,0,1013
PPP1R14A_ENST00000347262,0,1013
CNOT7_ENST00000628418,0,1013
MPLKIP_ENST00000645701,0,1013
FLNB_ENST00000419752,0,1013
CDKN2D_ENST00000335766,0,1013
RIN1_ENST00000627248,0,1013
S100A13_ENST00000392623,0,1013
DCDC2B,0,1013
MMP23B_ENST00000378675,0,1013
S100A13_ENST00000392622,0,1013
RNF170_ENST00000319104,0,1013
TMEM91_ENST00000436170,0,1013
GHRL_ENST00000422159,0,1013
C12orf57_ENST00000544681,0,1013
VPS37A_ENST00000521005,0,1013
C19orf25_ENST00000588849,0,1013
LARP6_ENST00000344870,0,1013
COX4I1_ENST00000568794,0,1013
COX4I1,0,1013
HERC4_ENST00000492996,0,1013
AIMP1_ENST00000358008,0,1013
RPLP0_ENST00000552292,0,1013
PLPP7_ENST00000372261,0,1013
PRAC2_ENST00000422730,0,1013
LKAAEAR1,0,1013
CCNG2_ENST00000509972,0,1013
NUDT16L1_ENST00000405142,0,1013
C19orf25_ENST00000586564,0,1013
HBA2,0,1013
RNF224,0,1013
RPS21_ENST00000450116,0,1013
HEPN1,0,1013
SLC25A3_ENST00000551265,0,1013
HSPE1_ENST00000409468,0,1013
C19orf70_ENST00000309324,0,1013
CLDN7_ENST00000571881,0,1013
EIF1B,0,1013
SNAPIN,0,1013
RPS21_ENST00000370562,0,1013
AL162231.1_ENST00000416454,0,1013
C19orf25_ENST00000588871,0,1013
NCBP2-AS2,0,1013
PIGBOS1,0,1013
TAMM41_ENST00000630288,0,1013
CDR2,0,1013
MRPL24_ENST00000368211,0,1013
MMP24OS_ENST00000456790,0,1013
POLR2C,0,1013
SAP25_ENST00000538735,0,1013
C19orf70_ENST00000590389,0,1013
PIGY,0,1013
ALKBH6,0,1013
PIGBOS1_ENST00000567948,0,1013
CSF3_ENST00000577675,0,1013
STK32C_ENST00000456004,0,1013
CCDC194,0,1012
HRK,0,1012
C17orf78,0,1012
SGK494,0,1012
COX6B2_ENST00000589467,0,1012
STH,0,1012
TRDV1,0,1012
RPUSD3_ENST00000424438,0,1012
CCL3,0,1012
GTF2A2_ENST00000396063,0,1012
KRTAP10-8,0,1012
ANAPC16,0,1012
KRTAP21-1,0,1012
HIST2H4A,0,1012
DUX4_ENST00000570263,0,1012
NCOA4_ENST00000579039,0,1012
FAM89B_ENST00000316409,0,1012
AL034430.1,0,1012
RPL37A,0,1012
IRF5,0,1012
IL1A,0,1012
AC116565.1,0,1012
USP17L18,0,1012
MAGEA2_ENST00000598543,0,1012
MOK_ENST00000519058,0,1012
NSRP1_ENST00000584423,0,1012
RPL17_ENST00000618619,0,1012
TRIQK_ENST00000523580,0,1012
CLEC20A_ENST00000646925,0,1012
ARHGAP23,0,1012
NELFE_ENST00000625905,0,1012
AL136454.1,0,1012
NPIPB4_ENST00000614197,0,1012
RUVBL2_ENST00000639391,0,1012
TNFRSF12A_ENST00000573001,0,1012
OR4Q2,0,1012
SPTY2D1OS,0,1012
PRR20A,0,1012
POLR2H_ENST00000452961,0,1012
C6orf48_ENST00000395789,0,1012
PCLAF_ENST00000380258,0,1012
RNF227_ENST00000640240,0,1012
ANAPC13_ENST00000511751,0,1012
USP17L21_ENST00000621388,0,1012
FKBP1A_ENST00000381724,0,1012
IRF8_ENST00000563180,0,1012
SART3_ENST00000546611,0,1012
TP53TG3,0,1012
THEM5,0,1012
REXO2,0,1012
GLMP_ENST00000612353,0,1012
DDT_ENST00000430101,0,1012
STX3_ENST00000530221,0,1012
CT45A9,0,1012
C17orf58_ENST00000334461,0,1012
ROPN1_ENST00000484329,0,1012
ZNF784,0,1012
ZNHIT3_ENST00000620324,0,1012
POLR2D,0,1012
HOXD8_ENST00000544999,0,1012
RPL24_ENST00000469605,0,1012
CASP10_ENST00000374650,0,1012
PNMA6F,0,1012
GRINA_ENST00000395068,0,1012
C19orf24,0,1012
CDKAL1_ENST00000613575,0,1012
PRR4,0,1012
KCTD4,0,1012
PRR4_ENST00000540107,0,1012
GLMP,0,1012
CDK5R2,0,1012
TMEM139,0,1012
BANF1_ENST00000445560,0,1012
ELOB,0,1012
M6PR,0,1012
TUBGCP5,0,1012
XAGE1A,0,1012
SYNRG,0,1012
COX7A2L_ENST00000463055,0,1012
ATP6V1G1,0,1012
RBMY1A1_ENST00000439108,0,1012
HNF1B_ENST00000621123,0,1012
FAM156B,0,1012
USP17L26,0,1012
CD63_ENST00000420846,0,1012
UPK3BL1,0,1012
MT-ND1,0,1012
MBD3L3,0,1012
FAM236A,0,1012
VHLL,0,1012
PTRH1_ENST00000543175,0,1012
C15orf48_ENST00000396650,0,1012
SMIM26_ENST00000608034,0,1012
LTC4S_ENST00000486713,0,1012
AL353572.3,0,1012
FAM72A_ENST00000607379,0,1012
CETN3,0,1012
ZNF544_ENST00000627781,0,1012
TRIQK_ENST00000521617,0,1012
HCFC1R1,0,1012
RPL38,0,1012
BX088645.1,0,1012
MORN2_ENST00000644631,0,1012
AP003071.5,0,1012
MB_ENST00000359787,0,1012
DHRS11_ENST00000611337,0,1012
PCLAF_ENST00000625619,0,1012
MT-ATP8,0,1012
SDHAF1,0,1012
IFT22_ENST00000621899,0,1012
TSPO2,0,1012
MBD3L2B,0,1012
FAM236C,0,1012
COX17,0,1012
LYPLA2_ENST00000374501,0,1012
CCL14_ENST00000614009,0,1012
LY6G6C,0,1012
IRF5_ENST00000613821,0,1012
USP17L19_ENST00000615989,0,1012
C4orf36,0,1012
MYO19_ENST00000621344,0,1012
TP53TG3_ENST00000569420,0,1012
CASQ1_ENST00000467691,0,1012
THAP2_ENST00000547843,0,1012
TLX1_ENST00000467928,0,1012
MORN2_ENST00000409665,0,1012
TNFSF13_ENST00000396542,0,1012
ANAPC13_ENST00000514612,0,1012
CSN2,0,1012
RNF165_ENST00000590330,0,1012
PNMA8C,0,1012
REXO2_ENST00000611665,0,1012
PTCD3_ENST00000627371,0,1012
PRY,0,1012
TSPY1,0,1012
C15orf65,0,1012
C6orf48_ENST00000614363,0,1012
WFDC1_ENST00000613603,0,1012
C17orf50_ENST00000604830,0,1012
DAZ3_ENST00000315357,0,1012
OXCT2,0,1012
MB,0,1012
AL662820.1,0,1012
NRL_ENST00000560550,0,1012
HES5,0,1012
FAM76A_ENST00000530324,0,1012
PDCD2_ENST00000392090,0,1012
COX6B2,0,1012
ANXA8_ENST00000583911,0,1012
TP53INP2_ENST00000374809,0,1012
TCEAL9_ENST00000372661,0,1012
OR8B3_ENST00000354597,0,1012
C19orf73,0,1012
GID4_ENST00000376345,0,1012
COX7A1_ENST00000437291,0,1012
AL136454.1_ENST00000443181,0,1012
CUTA_ENST00000374496,0,1012
TCEAL9,0,1012
PRR7_ENST00000502922,0,1012
SRP68_ENST00000602720,0,1012
TP53TG3E,0,1012
TNFRSF12A_ENST00000575124,0,1012
CDY2B_ENST00000382867,0,1012
CT45A7_ENST00000620885,0,1012
SCML2_ENST00000398048,0,1012
NPW,0,1012
ZNF788P,0,1012
COX6B2_ENST00000590900,0,1012
IL22_ENST00000328087,0,1012
CCL19_ENST00000378800,0,1012
UBFD1_ENST00000567264,0,1012
OARD1_ENST00000468811,0,1012
ACYP2_ENST00000606082,0,1012
RIPPLY1,0,1012
C12orf76_ENST00000549724,0,1012
PPIAL4A,0,1012
DEFB4B,0,1012
ALG11_ENST00000616513,0,1012
ETDB,0,1012
RPUSD3,0,1012
CCL4L2_ENST00000620055,0,1012
TMEM78,0,1012
CD63,0,1012
NRSN1_ENST00000378475,0,1012
PRAMEF8_ENST00000621519,0,1012
AL772284.2,0,1012
ZNF846_ENST00000586293,0,1012
ADM_ENST00000528544,0,1012
SSSCA1_ENST00000526877,0,1012
TSSK6,0,1012
TMEM139_ENST00000409541,0,1012
GGTLC3,0,1012
DEFB4A,0,1012
AC093668.3,0,1012
RDM1_ENST00000619262,0,1012
BPIFC_ENST00000397450,0,1012
MMP28_ENST00000615136,0,1012
IFI27_ENST00000618863,0,1012
TSSK2,0,1012
AC126755.2,0,1012
OARD1_ENST00000471367,0,1012
C1orf216,0,1012
NAA50_ENST00000630058,0,1012
FABP3,0,1012
S100A16_ENST00000368705,0,1012
PCGF2,0,1012
ANKRD40CL,0,1012
CNPY3_ENST00000394142,0,1012
CCL5,0,1012
ROPN1_ENST00000479867,0,1012
IFITM2_ENST00000602569,0,1012
CSAG2_ENST00000535353,0,1012
PPP3R2,0,1012
FAM89B,0,1012
PPIA_ENST00000620047,0,1012
PRELID3B_ENST00000371033,0,1012
CD63_ENST00000550776,0,1012
RAMP2_ENST00000588576,0,1012
ERH,0,1012
MEIG1,0,1012
PATE2_ENST00000436890,0,1012
IRF5_ENST00000619830,0,1012
RBMY1E_ENST00000382658,0,1012
KRTAP9-7,0,1012
SPANXA2,0,1012
CLDND2_ENST00000601435,0,1012
KRTAP10-5,0,1012
PLIN5_ENST00000592610,0,1012
RPL37_ENST00000508493,0,1012
NR0B1_ENST00000378963,0,1012
CENPM_ENST00000472374,0,1012
RANGRF_ENST00000439238,0,1012
CT45A1,0,1012
OR2T29,0,1012
PLIN5_ENST00000586133,0,1012
FRMD8_ENST00000531296,0,1012
RPS15A_ENST00000565420,0,1012
RAB7B,0,1012
C12orf73_ENST00000546819,0,1012
TRIQK_ENST00000519969,0,1012
ADAM10_ENST00000461408,0,1012
IFT20_ENST00000588477,0,1012
TROAP_ENST00000380327,0,1012
TRIM45_ENST00000369461,0,1012
USP17L24_ENST00000622713,0,1012
ANXA8,0,1012
FHIT_ENST00000341848,0,1012
RIMBP3,0,1012
FAM122C_ENST00000494709,0,1012
CETN3_ENST00000522842,0,1012
S100A16,0,1012
OXT,0,1012
ANAPC13,0,1012
GPHA2_ENST00000532246,0,1012
CT47A5,0,1012
RPS25,0,1012
C1orf189,0,1012
CCL14_ENST00000620991,0,1012
RDM1_ENST00000619876,0,1012
ANKRD20A3,0,1012
MTURN_ENST00000324489,0,1012
PRSS2,0,1012
IFT20_ENST00000357896,0,1012
ATP5MGL,0,1012
VCX2,0,1012
UNC119,0,1012
XAGE1A_ENST00000375600,0,1012
RPS11,0,1012
MRPL44,0,1012
MSMB_ENST00000581478,0,1012
KRTAP2-4,0,1012
DHRS11,0,1012
OR4F29,0,1012
RPS11_ENST00000594493,0,1012
MAGEA2_ENST00000611557,0,1012
ACACA_ENST00000614438,0,1012
ZNF771_ENST00000434417,0,1012
LIMS1_ENST00000414829,0,1012
FXYD3_ENST00000605550,0,1012
TMEM144_ENST00000509278,0,1012
FAM89B_ENST00000449319,0,1012
AC068631.2,0,1012
RPL26_ENST00000293842,0,1012
DEFB103A,0,1012
PRY2,0,1012
CCL4L2_ENST00000620250,0,1012
C12orf49_ENST00000548356,0,1012
G0S2,0,1012
PIGV_ENST00000078527,0,1012
PRAMEF15,0,1012
NBPF19_ENST00000426482,0,1012
WDR6_ENST00000627177,0,1012
NR2F6,0,1012
ZNF701_ENST00000611267,0,1012
CT47A3,0,1012
IKBKG_ENST00000615874,0,1012
CCL4L2_ENST00000620098,0,1012
COX8A,0,1012
TADA2A_ENST00000620367,0,1012
COX7C_ENST00000515763,0,1012
AGR2_ENST00000401412,0,1012
CRYAA2_ENST00000624932,0,1012
PDCD2_ENST00000542896,0,1012
SMIM11B_ENST00000612624,0,1012
TMEM14B_ENST00000475942,0,1012
ZBTB33_ENST00000557385,0,1012
PFDN6_ENST00000374606,0,1012
CRYAA2,0,1012
PPY_ENST00000225992,0,1012
ATP5MPL_ENST00000286953,0,1012
MOK_ENST00000522867,0,1012
CYB5D1_ENST00000570446,0,1012
MT-ND5,0,1012
ZNF585A_ENST00000588354,0,1012
S100A16_ENST00000368703,0,1012
CDY2A,0,1012
SSSCA1_ENST00000531405,0,1012
FAM236A_ENST00000593662,0,1012
HGH1_ENST00000628266,0,1012
ANKRD40CL_ENST00000502517,0,1012
FKBP1A_ENST00000381715,0,1012
CCNYL1_ENST00000420822,0,1012
EHF_ENST00000531728,0,1012
UBE2L5_ENST00000436446,0,1012
FP565260.6,0,1012
TBC1D3E,0,1012
SPACA5,0,1012
RNASEK_ENST00000593646,0,1012
CT45A5,0,1012
IFT20_ENST00000585313,0,1012
WARS_ENST00000627608,0,1012
BGLAP,0,1012
DEFA1_ENST00000382679,0,1012
CHCHD7_ENST00000519367,0,1012
ROMO1_ENST00000397416,0,1012
DAZ2,0,1012
SSU72P3,0,1012
PAGE3,0,1012
ERMN_ENST00000409216,0,1012
MUS81_ENST00000533035,0,1012
HELLS_ENST00000630929,0,1012
SUPT7L_ENST00000404798,0,1012
CHCHD7_ENST00000518801,0,1012
POLR2H,0,1012
AC126755.2_ENST00000545114,0,1012
JTB,0,1012
VASH1_ENST00000554743,0,1012
METTL7B,0,1012
MYL12A_ENST00000579226,0,1012
FOSL1_ENST00000531493,0,1012
GLMP_ENST00000614643,0,1012
USP17L29,0,1012
PFAS_ENST00000625942,0,1012
USP17L22,0,1012
CGGBP1,0,1012
SPINT4,0,1012
AC091980.2,0,1012
DAZ2_ENST00000382294,0,1012
VSTM4_ENST00000298454,0,1012
FAM236D_ENST00000458170,0,1012
SMIM2_ENST00000617002,0,1012
MBD5_ENST00000637159,0,1012
DEFB136,0,1012
PGRMC2_ENST00000394276,0,1012
PRM1,0,1012
LTO1_ENST00000542341,0,1012
POLR2H_ENST00000430783,0,1012
TEX51_ENST00000643416,0,1012
FBLL1,0,1012
HOXD8,0,1012
NCOA4_ENST00000585056,0,1012
CDKN2AIPNL_ENST00000395009,0,1012
PRELID3B,0,1012
IFT20_ENST00000579419,0,1012
VMA21,0,1012
VPS35_ENST00000640313,0,1012
ZNF326_ENST00000361911,0,1012
RDM1_ENST00000613308,0,1012
ZNF283_ENST00000593164,0,1012
ANXA8_ENST00000585281,0,1012
CFAP299_ENST00000621014,0,1012
NUDT4_ENST00000548662,0,1012
VCY1B,0,1012
ZC3H11B,0,1012
GABARAPL1_ENST00000629504,0,1012
PLPP5_ENST00000422581,0,1012
PRR26,0,1012
DMRTC1,0,1012
MT-ND3,0,1012
HCFC1R1_ENST00000574151,0,1012
AC233724.19,0,1012
SDR39U1_ENST00000538105,0,1012
PPP1R14B_ENST00000542235,0,1012
CT47A1,0,1012
DIAPH1_ENST00000468119,0,1012
IGKV1-33,0,1012
OR4F3,0,1012
FAM72C_ENST00000369175,0,1012
CCL28_ENST00000513525,0,1012
SP2_ENST00000613139,0,1012
OPN1LW,0,1012
MAGEA2,0,1012
IRF5_ENST00000473745,0,1012
MTRNR2L7,0,1012
TBC1D3I,0,1012
ZNF84_ENST00000542874,0,1012
SSX2B,0,1012
FP565260.3_ENST00000623960,0,1012
MCRIP1_ENST00000574190,0,1012
HOXD8_ENST00000429017,0,1012
ETDA_ENST00000454551,0,1012
TMEM141,0,1012
CD63_ENST00000257857,0,1012
OCLM,0,1012
TP53AIP1,0,1012
CD63_ENST00000546939,0,1012
UBE2Q2L,0,1012
TMEM238,0,1012
UCK1,0,1012
RPS9_ENST00000626547,0,1012
CTSV,0,1012
RPS19BP1,0,1012
PSMA6_ENST00000627895,0,1012
CTCFL_ENST00000608158,0,1012
MRM1,0,1012
CCL4L2_ENST00000610565,0,1012
HSFY1,0,1012
C6orf48_ENST00000375641,0,1012
IFNA21,0,1012
IKBKG_ENST00000617207,0,1012
CNBD2_ENST00000489667,0,1012
TRIM49D2_ENST00000526396,0,1012
OR3A2,0,1012
NUDT4_ENST00000547014,0,1012
MYL3,0,1012
C6orf48_ENST00000375639,0,1012
COX17_ENST00000497116,0,1012
RPL26_ENST00000578812,0,1012
IFT22_ENST00000517481,0,1012
TMEM139_ENST00000410004,0,1012
TRIQK,0,1012
HIST1H3G,0,1012
LTC4S,0,1012
BEST1_ENST00000526988,0,1012
RTCA_ENST00000370126,0,1012
AC008687.4,0,1012
FXYD5_ENST00000392219,0,1012
SPAG11A_ENST00000400125,0,1012
REXO2_ENST00000539275,0,1012
SAPCD1_ENST00000425424,0,1012
ANXA8L1,0,1012
CLDN24,0,1012
S100A14,0,1012
RPRML,0,1012
CSAG2,0,1012
DAZ2_ENST00000382431,0,1012
AC025287.4,0,1012
BPY2C,0,1012
MT-CYB,0,1012
TP53TG3B_ENST00000569741,0,1012
C8orf59_ENST00000615697,0,1012
UBE2C_ENST00000617055,0,1012
SEM1_ENST00000356686,0,1012
C22orf31,0,1012
CD24_ENST00000606017,0,1012
AHSA1_ENST00000555517,0,1012
CDPF1,0,1012
PTP4A1_ENST00000578299,0,1012
USP17L24,0,1012
NPIPA2_ENST00000530328,0,1012
CFAP157,0,1012
UQCRFS1,0,1012
MAGED4B_ENST00000335504,0,1012
SETD7_ENST00000608958,0,1012
MT-ND4L,0,1012
UNC119_ENST00000484980,0,1012
DCP1B_ENST00000535873,0,1012
GAGE12D,0,1012
DEFB132,0,1012
CDC42EP2_ENST00000533419,0,1012
RMI2_ENST00000576027,0,1012
PPY_ENST00000587006,0,1012
SERTM2,0,1012
UQCC2,0,1012
IKBKG_ENST00000619941,0,1012
FO681492.1_ENST00000623662,0,1012
ZFPL1_ENST00000526791,0,1012
TROAP_ENST00000549275,0,1012
AL451007.3,0,1012
RETN_ENST00000381324,0,1012
HES4_ENST00000304952,0,1012
FAM122C_ENST00000475361,0,1012
IRF5_ENST00000477535,0,1012
PRAMEF13_ENST00000625019,0,1012
EXOSC1_ENST00000370885,0,1012
GLOD4_ENST00000628529,0,1012
TADA2A,0,1012
MYL3_ENST00000292327,0,1012
HACD1_ENST00000326961,0,1012
DUX4_ENST00000569241,0,1012
MBD3L2B_ENST00000637800,0,1012
SMIM26,0,1012
PIM2,0,1012
OXNAD1,0,1012
PRR20E,0,1012
PPP1R2C,0,1012
FAM156B_ENST00000509613,0,1012
RPS11_ENST00000599561,0,1012
DEFB135,0,1012
SETSIP_ENST00000485873,0,1012
NCOA4_ENST00000585132,0,1012
DUX4,0,1012
PRR20C,0,1012
RGPD6_ENST00000330331,0,1012
SAXO2_ENST00000566861,0,1012
IFI27_ENST00000620396,0,1012
NCOA4_ENST00000580070,0,1012
DEFB105B,0,1012
AC005702.1,0,1012
DUSP28_ENST00000343217,0,1012
GTF2A2_ENST00000484743,0,1012
IPO7_ENST00000630083,0,1012
SSU72P7,0,1012
GRINA,0,1012
CDK16,0,1012
TRIQK_ENST00000524037,0,1012
ELOB_ENST00000409477,0,1012
C16orf92,0,1012
TBC1D3L_ENST00000617678,0,1012
XAGE1B_ENST00000375613,0,1012
ARSK_ENST00000504763,0,1012
PELI3_ENST00000524466,0,1012
CSTF3_ENST00000438862,0,1012
TP53TG3C,0,1012
RPL37A_ENST00000456586,0,1012
CHCHD7_ENST00000396723,0,1012
TRIQK_ENST00000520430,0,1012
RPL17_ENST00000580210,0,1012
MYMX,0,1012
METTL7B_ENST00000614691,0,1012
IDH3A_ENST00000561366,0,1012
DAZ1_ENST00000426000,0,1012
IFT27_ENST00000340630,0,1012
DDT_ENST00000350608,0,1012
USP17L11_ENST00000613973,0,1012
CCL4L2_ENST00000613173,0,1012
MPP5_ENST00000556345,0,1012
GCHFR_ENST00000561160,0,1012
ZNF200_ENST00000396870,0,1012
CD24_ENST00000620405,0,1012
PNRC2_ENST00000579103,0,1012
ELOF1_ENST00000586683,0,1012
C8orf59_ENST00000612977,0,1012
TNP2_ENST00000560751,0,1012
HIGD2B,0,1012
ACYP1_ENST00000238618,0,1012
HIST4H4,0,1012
CBSL,0,1012
CYB5D1_ENST00000571846,0,1012
MCCD1,0,1012
CETN3_ENST00000522864,0,1012
NDUFA6_ENST00000617763,0,1012
RNF165_ENST00000588679,0,1012
UCK1_ENST00000372208,0,1012
GAGE12H,0,1012
SMIM11B,0,1012
KCNE2,0,1012
SMIM11B_ENST00000623661,0,1012
TMEM139_ENST00000409102,0,1012
CISD2_ENST00000503643,0,1012
DDT_ENST00000403754,0,1012
TBC1D3D,0,1012
PGAM4,0,1012
NDUFA6,0,1012
LIMD2_ENST00000583211,0,1012
CLDN24_ENST00000514470,0,1012
HIST1H2BA,0,1012
DDX52,0,1012
TCP11X2,0,1012
LHX1,0,1012
TEX38_ENST00000564373,0,1012
TMEM14B_ENST00000461342,0,1012
RNASEK_ENST00000552842,0,1012
CD24,0,1012
RPS29_ENST00000556230,0,1012
ANXA8L1_ENST00000613703,0,1012
SMIM33,0,1012
MMP28,0,1012
CTAG1A_ENST00000593606,0,1012
LAMTOR1_ENST00000538404,0,1012
OARD1_ENST00000424266,0,1012
PCGF2_ENST00000618506,0,1012
DAZ1,0,1012
ATRNL1_ENST00000527407,0,1012
CYP27B1,0,1012
CTAG1B_ENST00000359887,0,1012
RPL37_ENST00000509877,0,1012
MYL2,0,1012
SRY,0,1012
FAM90A26,0,1012
HMGN2,0,1012
SRCIN1,0,1012
ZNF655_ENST00000440391,0,1012
RIC8A_ENST00000626818,0,1012
RDM1_ENST00000617591,0,1012
RPUSD1,0,1012
PTGES3L,0,1012
MT-ND6,0,1012
RPL39L_ENST00000455270,0,1012
ACYP1_ENST00000357971,0,1012
GPHA2_ENST00000533257,0,1012
TCEAL1_ENST00000372624,0,1012
MT1X_ENST00000562939,0,1012
DAZ2_ENST00000400493,0,1012
SNAPC5,0,1012
ADM_ENST00000524948,0,1012
C8orf59_ENST00000545322,0,1012
ADSSL1_ENST00000556623,0,1012
GOLGA6L10_ENST00000619556,0,1012
CXorf49B,0,1012
TSPY3_ENST00000457222,0,1012
RPL39L_ENST00000433055,0,1012
USP17L17_ENST00000614762,0,1012
CDY2B,0,1012
SDR39U1,0,1012
NPIPB12_ENST00000617311,0,1012
EPOP,0,1012
TMEM138_ENST00000381787,0,1012
FOSL1_ENST00000532401,0,1012
GDF10,0,1012
SRP14_ENST00000559081,0,1012
HSFX2,0,1012
PINLYP_ENST00000569031,0,1012
AMY1B_ENST00000370080,0,1012
LY6G6D,0,1012
MIF,0,1012
ERMN_ENST00000409925,0,1012
DPPA5,0,1012
SSH2_ENST00000579954,0,1012
SLC3A1_ENST00000409294,0,1012
ZNF616_ENST00000597013,0,1012
MARCOL,0,1012
C17orf78_ENST00000611038,0,1012
POLR2D_ENST00000409698,0,1012
LYSMD4_ENST00000378904,0,1012
PDCD2_ENST00000453163,0,1012
ZNHIT3,0,1012
TRPC5OS_ENST00000635763,0,1012
SPANXA1,0,1012
C15orf61_ENST00000557807,0,1012
CTAGE9,0,1012
GKN1,0,1012
FNDC10,0,1012
HCFC1R1_ENST00000572355,0,1012
SMIM18_ENST00000626298,0,1012
ADPGK_ENST00000456471,0,1012
TBC1D3H,0,1012
ARL2BP,0,1012
HCFC1R1_ENST00000354679,0,1012
NOP2_ENST00000545915,0,1012
PCGF2_ENST00000611883,0,1012
CXorf51A,0,1012
SCYGR10,0,1012
PPIA,0,1012
OR3A2_ENST00000641164,0,1012
NPIPB11_ENST00000614927,0,1012
RAB7B_ENST00000623893,0,1012
BEX2_ENST00000372674,0,1012
ARMS2,0,1012
AC243756.1,0,1012
MAGEA2_ENST00000611674,0,1012
MYO19_ENST00000610930,0,1012
SPTSSB_ENST00000620149,0,1012
CMC2_ENST00000564249,0,1012
SMIM34B,0,1012
ITPA_ENST00000399838,0,1012
CDKN2AIPNL,0,1012
FAM25G,0,1012
AC233724.18,0,1012
JPT1_ENST00000581874,0,1012
ATP5MPL_ENST00000554880,0,1012
MLLT6_ENST00000620609,0,1012
BPY2B,0,1012
BANF1,0,1012
DNAJC28_ENST00000381947,0,1012
KRTAP19-8,0,1012
SMIM18,0,1012
KCNE1B_ENST00000622690,0,1012
FAM156A,0,1012
HSFY2_ENST00000382852,0,1012
ACYP1_ENST00000553302,0,1012
GSKIP_ENST00000555181,0,1012
PCLAF_ENST00000559519,0,1012
RPUSD1_ENST00000565809,0,1012
SPTSSB_ENST00000617024,0,1012
ITPA_ENST00000455664,0,1012
ZNF658_ENST00000621410,0,1012
CDCA3,0,1012
DDTL,0,1012
TSPO2_ENST00000470917,0,1012
PRAMEF26,0,1012
GON7,0,1012
CALML5,0,1012
AC007906.2,0,1012
OXNAD1_ENST00000627468,0,1012
ZNF80_ENST00000619534,0,1012
FAM122C_ENST00000482240,0,1012
CD24_ENST00000610952,0,1012
PINLYP_ENST00000599207,0,1012
ZNHIT3_ENST00000619730,0,1012
CUTA_ENST00000607266,0,1012
GTF2A2,0,1012
C17orf98,0,1012
TRIQK_ENST00000519069,0,1012
DNAJC28_ENST00000402202,0,1012
EXOG_ENST00000630638,0,1012
BTD_ENST00000482824,0,1012
PDE10A_ENST00000616273,0,1012
SPRN,0,1012
KNOP1_ENST00000568230,0,1012
AL022312.1,0,1012
TP53AIP1_ENST00000458238,0,1012
NDUFA6_ENST00000602404,0,1012
FAM156A_ENST00000596733,0,1012
TARS_ENST00000626210,0,1012
TNFSF13_ENST00000625791,0,1012
PFDN4,0,1012
TCEAL2,0,1012
REELD1,0,1012
NPIPA2,0,1012
FP565260.3,0,1012
TMEM191B_ENST00000613597,0,1012
CDCA3_ENST00000229265,0,1012
ANAPC11_ENST00000582222,0,1012
PAGE3_ENST00000519203,0,1012
ANKMY2_ENST00000627859,0,1012
ATP5MPL,0,1012
OARD1_ENST00000463088,0,1012
NSRP1_ENST00000479218,0,1012
GTF2A2_ENST00000396064,0,1012
ATP5MF_ENST00000394186,0,1012
IGKV2D-29,0,1012
F8A2,0,1012
AKAP14_ENST00000371422,0,1012
SYNRG_ENST00000616179,0,1012
ACP5_ENST00000218758,0,1012
FP565260.3_ENST00000623795,0,1012
ZNF316,0,1012
RBFA_ENST00000262197,0,1012
PCGF2_ENST00000618941,0,1012
SCGB1C2,0,1012
CSAG3,0,1012
SPDYE3,0,1012
MSL1_ENST00000577454,0,1012
PEX16_ENST00000378750,0,1012
REP15,0,1012
AC106774.10,0,1012
NBPF19_ENST00000578189,0,1012
CCL21_ENST00000378792,0,1012
TRIM49D2,0,1012
HES4_ENST00000484667,0,1012
NCOA4,0,1012
AC005726.1_ENST00000577790,0,1012
HCFC1R1_ENST00000574980,0,1012
GOLGA6L22,0,1012
SPTY2D1OS_ENST00000635674,0,1012
PLPP5_ENST00000529359,0,1012
GPR179_ENST00000621958,0,1012
TMSB4X_ENST00000380633,0,1012
HNF1B_ENST00000614313,0,1012
DMRTC1_ENST00000596389,0,1012
PCLAF_ENST00000558008,0,1012
ACP5_ENST00000433365,0,1012
FAM236D,0,1012
CCL14_ENST00000618404,0,1012
ZNF488_ENST00000591025,0,1012
ANAPC11_ENST00000584314,0,1012
SEC23A_ENST00000625395,0,1012
FAM236B,0,1012
NPIPA2_ENST00000529166,0,1012
RD3L,0,1012
C12orf76_ENST00000551185,0,1012
TCAF2_ENST00000518791,0,1012
HSFY2,0,1012
CT45A1_ENST00000594565,0,1012
LAMTOR4_ENST00000488241,0,1012
CEMP1,0,1012
SSU72P8,0,1012
USP17L22_ENST00000622009,0,1012
CTAGE1_ENST00000525417,0,1012
TERF2IP,0,1012
ZNF784_ENST00000591479,0,1012
RBMY1D_ENST00000418956,0,1012
OARD1_ENST00000482515,0,1012
KRTAP9-8,0,1012
LAMTOR4,0,1012
ETNPPL,0,1012
FP565260.2,0,1012
ANKRD40CL_ENST00000450727,0,1012
MTRNR2L1,0,1012
ZNF488,0,1012
ZG16,0,1012
CCL4L2_ENST00000620732,0,1012
UBE2C_ENST00000405520,0,1012
ATP5MF_ENST00000359832,0,1012
CTAGE8,0,1012
ROPN1_ENST00000459660,0,1012
SRARP,0,1012
RIPPLY1_ENST00000411805,0,1012
PPY,0,1012
CT47A2,0,1012
SMIM1_ENST00000561886,0,1012
C4orf48,0,1012
NSA2,0,1012
TMEM191B,0,1012
SH3TC2_ENST00000502274,0,1012
LIMS4,0,1012
TRIM45,0,1012
PPIA_ENST00000451562,0,1012
RDM1_ENST00000616596,0,1012
ZNF771_ENST00000564550,0,1012
HEATR9_ENST00000603870,0,1012
CGGBP1_ENST00000309534,0,1012
GAS2L2_ENST00000604063,0,1012
VKORC1_ENST00000498155,0,1012
LYSMD1_ENST00000440902,0,1012
LAMTOR4_ENST00000474141,0,1012
POU5F1,0,1012
CT47A4,0,1012
HNRNPDL_ENST00000602300,0,1012
DEFB131B,0,1012
TMBIM4_ENST00000535812,0,1012
AC078864.2,0,1012
TCAF2C,0,1012
SPTY2D1OS_ENST00000542172,0,1012
GTF2A2_ENST00000396061,0,1012
CAV3,0,1012
MB_ENST00000401702,0,1012
IKBKG_ENST00000611071,0,1012
HIST2H3C,0,1012
PSMA6_ENST00000628955,0,1012
RBMY1E,0,1012
CTAG1A,0,1012
NPIPB3_ENST00000448012,0,1012
WWOX_ENST00000569818,0,1012
TM4SF1_ENST00000472441,0,1012
MARVELD1,0,1012
TNFRSF12A,0,1012
PRR4_ENST00000544994,0,1012
KLRB1,0,1012
F8A1,0,1012
NLRP2B,0,1012
RAB4B,0,1012
TP53AIP1_ENST00000602346,0,1012
CT45A8_ENST00000611438,0,1012
UBE3A_ENST00000636667,0,1012
NPIPB5_ENST00000621622,0,1012
AC126755.2_ENST00000531453,0,1012
ABCC3_ENST00000515707,0,1012
MYL2_ENST00000548438,0,1012
BECN2,0,1012
IFI27_ENST00000616764,0,1012
SUPT7L_ENST00000406540,0,1012
DYNLT1,0,1012
RPS29_ENST00000245458,0,1012
ELOF1_ENST00000590700,0,1012
C8orf59_ENST00000611854,0,1012
Z82206.1,0,1012
MOK_ENST00000522534,0,1012
F2R_ENST00000505600,0,1012
IFT22_ENST00000437644,0,1012
CCL4L2,0,1012
CCNB2,0,1012
TRIM64,0,1012
OR2AP1,0,1012
JTB_ENST00000368589,0,1012
BPY2C_ENST00000618574,0,1012
MUS81,0,1012
CCL4,0,1012
USP17L20_ENST00000613757,0,1012
TSPY4_ENST00000640033,0,1012
NPY4R2,0,1012
GPR179,0,1012
DMRTC1B_ENST00000373533,0,1012
CENPVL2,0,1012
USP17L28,0,1012
CPSF7_ENST00000626926,0,1012
RNF165_ENST00000587853,0,1012
LIMD2_ENST00000578061,0,1012
FP565260.1,0,1012
DPEP2NB,0,1012
AC022167.5_ENST00000637929,0,1012
PFDN6_ENST00000374610,0,1012
AC233723.1,0,1012
ANXA8_ENST00000583874,0,1012
RBM4B_ENST00000531036,0,1012
ZCCHC10_ENST00000504170,0,1012
NDUFA3_ENST00000471292,0,1012
AL845331.2,0,1012
GPATCH11_ENST00000281932,0,1012
VKORC1_ENST00000300851,0,1012
HNF1B_ENST00000613727,0,1012
H2BFM,0,1012
PKDCC,0,1012
OR5D3P,0,1012
RBMY1B_ENST00000619219,0,1012
ACACA_ENST00000614428,0,1012
NGRN,0,1012
RPUSD3_ENST00000433535,0,1012
ELOF1_ENST00000587806,0,1012
ATP6V0B_ENST00000498664,0,1012
C2orf91_ENST00000615044,0,1012
RPL26_ENST00000583011,0,1012
ZNF655_ENST00000357864,0,1012
GCM2,0,1012
USP17L12,0,1012
CETN3_ENST00000522565,0,1012
MTRNR2L10,0,1012
ATRNL1_ENST00000609571,0,1012
RPL17_ENST00000581373,0,1012
PPIH_ENST00000372549,0,1012
POU5F1_ENST00000513407,0,1012
CDY1,0,1012
CXorf49,0,1012
CDK10_ENST00000625631,0,1012
IGKV2D-40,0,1012
DNASE1_ENST00000246949,0,1012
NEK3_ENST00000629912,0,1012
HNRNPCL4,0,1012
DBNDD1,0,1012
C17orf50_ENST00000603305,0,1012
PPIAL4E,0,1012
ERVK3-1_ENST00000413518,0,1012
TSPY8_ENST00000287721,0,1012
C15orf48,0,1012
HSPB9,0,1012
CHCHD7_ENST00000521831,0,1012
TMSB15A,0,1012
NIP7_ENST00000569637,0,1012
SSSCA1_ENST00000527920,0,1012
FAM236C_ENST00000636532,0,1012
PLD1_ENST00000331659,0,1012
DCTPP1_ENST00000568973,0,1012
DIAPH1_ENST00000448451,0,1012
CCDC195,0,1012
IL22,0,1012
SERF1A_ENST00000504458,0,1012
OR2V1_ENST00000329365,0,1012
MB_ENST00000406324,0,1012
IGKV2-40,0,1012
CT45A9_ENST00000604569,0,1012
ZNF513_ENST00000407879,0,1012
TSPY10_ENST00000428845,0,1012
ZNF705D_ENST00000400078,0,1012
PPP3R2_ENST00000636434,0,1012
C8orf59,0,1012
NBPF26_ENST00000615219,0,1012
AC106774.7,0,1012
CT45A7,0,1012
FLII_ENST00000628188,0,1012
RNASE13,0,1012
TSPY4_ENST00000426950,0,1012
POU5F1_ENST00000606567,0,1012
DBNDD1_ENST00000304733,0,1012
SAXO2_ENST00000566205,0,1012
RPL27A_ENST00000530913,0,1012
SDR39U1_ENST00000553930,0,1012
BX276092.9,0,1012
ANAPC16_ENST00000299381,0,1012
NBPF26_ENST00000624419,0,1012
KRTAP2-1,0,1012
AC106782.1,0,1012
ZNF283_ENST00000593268,0,1012
C2orf91,0,1012
BEAN1_ENST00000564819,0,1012
RBMX2_ENST00000370947,0,1012
CCL23,0,1012
FP565260.3_ENST00000620481,0,1012
IKZF5_ENST00000617859,0,1012
ACP5_ENST00000590420,0,1012
SDR39U1_ENST00000554698,0,1012
OARD1_ENST00000486443,0,1012
AC106774.6,0,1012
TMEM240_ENST00000624426,0,1012
ACYP1_ENST00000555135,0,1012
TRAF3IP2_ENST00000368735,0,1012
RPL39L,0,1012
ELOF1_ENST00000586120,0,1012
MMP28_ENST00000612672,0,1012
PPIAL4C,0,1012
NBPF11_ENST00000614785,0,1012
TBC1D3I_ENST00000616671,0,1012
MCRIP1_ENST00000570507,0,1012
FXYD5_ENST00000588699,0,1012
TBC1D3G,0,1012
AC233724.12,0,1012
KBTBD3_ENST00000531482,0,1012
CCL16,0,1012
UBE2L6_ENST00000340573,0,1012
TBC1D3K,0,1012
CD63_ENST00000552067,0,1012
FAM209A,0,1012
CT45A5_ENST00000617203,0,1012
CSAG3_ENST00000599845,0,1012
FAM72C,0,1012
GLOD4_ENST00000625892,0,1012
TMSB15B_ENST00000620307,0,1012
TTC39C_ENST00000577185,0,1012
OARD1_ENST00000464633,0,1012
AL512428.1,0,1012
COX7C,0,1012
LCE3B,0,1012
PAGE4_ENST00000376141,0,1012
RNLS_ENST00000437752,0,1012
ERVK3-1_ENST00000427361,0,1012
CARD8_ENST00000520007,0,1012
LEKR1_ENST00000640869,0,1012
UBE2C_ENST00000335046,0,1012
CT47A6,0,1012
FAM230A_ENST00000615181,0,1012
CUTA_ENST00000440279,0,1012
TP53AIP1_ENST00000530777,0,1012
RPS15A_ENST00000569083,0,1012
C6orf48_ENST00000375633,0,1012
SYNRG_ENST00000621136,0,1012
AC135068.1,0,1012
PRR20B,0,1012
PBX1_ENST00000485769,0,1012
CT45A8,0,1012
FKBP1A_ENST00000381719,0,1012
CAV3_ENST00000397368,0,1012
LRRC59_ENST00000576448,0,1012
FMR1_ENST00000621447,0,1012
LAGE3,0,1012
GAGE12F_ENST00000440137,0,1012
F11_ENST00000492972,0,1012
IFRD1_ENST00000429071,0,1012
TUBB_ENST00000396384,0,1012
DEFB130A,0,1012
SOX7,0,1012
CD63_ENST00000548898,0,1012
CT47A12,0,1012
SMIM11B_ENST00000619874,0,1012
LY6G6E,0,1012
SNAPC5_ENST00000307979,0,1012
PPIA_ENST00000489459,0,1012
NPIPB4_ENST00000537951,0,1012
INTS4_ENST00000527522,0,1012
HIST2H3A,0,1012
SCYGR7,0,1012
RBP3,0,1012
PFDN6,0,1012
SPIN2A_ENST00000374906,0,1012
RDH5_ENST00000547072,0,1012
GIMAP2_ENST00000474605,0,1012
USP17L8,0,1012
FXYD5_ENST00000342879,0,1012
RPS15A,0,1012
SCYGR1,0,1012
MCRIP2_ENST00000629534,0,1012
DAZ1_ENST00000620725,0,1012
SERF1A_ENST00000507348,0,1012
OR2T29_ENST00000328570,0,1012
PLD1_ENST00000627725,0,1012
NFE4,0,1012
F8A3,0,1012
HIST2H2AA3,0,1012
SOCS7,0,1012
C4orf46,0,1012
USP17L17,0,1012
DIABLO_ENST00000475784,0,1012
HNF1B,0,1012
OR2A7,0,1012
TCEAL1,0,1012
GTF2IRD2_ENST00000614386,0,1012
MORN2_ENST00000409131,0,1012
RDH5,0,1012
KRTAP19-6,0,1012
UBE2C,0,1012
RMDN3,0,1012
CT45A2_ENST00000612907,0,1012
ETNPPL_ENST00000512646,0,1012
UQCRC2_ENST00000630839,0,1012
MAGEA9B,0,1012
ETDC,0,1012
MRM1_ENST00000612760,0,1012
SPRR5,0,1012
TEX51_ENST00000568484,0,1012
MFSD12_ENST00000615613,0,1012
TRPC5OS_ENST00000612026,0,1012
CBSL_ENST00000618024,0,1012
NUPR1_ENST00000324873,0,1012
CFAP157_ENST00000614677,0,1012
USP17L23,0,1012
CTAG1B,0,1012
IFT20,0,1012
AC106774.8,0,1012
GOLGA6L22_ENST00000620691,0,1012
LTC4S_ENST00000401985,0,1012
IFT27,0,1012
AC138969.1_ENST00000331436,0,1012
DAZ1_ENST00000382510,0,1012
MAGED4B,0,1012
MRPL45,0,1012
CD63_ENST00000548160,0,1012
CDC23_ENST00000394884,0,1012
CCL23_ENST00000612516,0,1012
FOSL1,0,1012
HIGD1B_ENST00000587021,0,1012
C8orf59_ENST00000321777,0,1012
TSPY8,0,1012
POU5F1_ENST00000471529,0,1012
CBSL_ENST00000624934,0,1012
H2AFB2,0,1012
ZNF691_ENST00000630961,0,1012
TAF9_ENST00000506736,0,1012
TEX28_ENST00000617225,0,1012
IRF5_ENST00000402030,0,1012
USP17L13,0,1012
CHCHD7_ENST00000517933,0,1012
REXO2_ENST00000544196,0,1012
S100A14_ENST00000368701,0,1012
FAU_ENST00000434372,0,1012
DUSP14,0,1012
CCL4_ENST00000621626,0,1012
C12orf71,0,1012
CBSL_ENST00000398168,0,1012
C4orf48_ENST00000409860,0,1012
MYLPF,0,1012
TBC1D3L,0,1012
TAF15_ENST00000604841,0,1012
LTB_ENST00000446745,0,1012
H1FX,0,1012
LEKR1_ENST00000498839,0,1012
TCEANC2_ENST00000391366,0,1012
GSAP_ENST00000430584,0,1012
TPST2_ENST00000398110,0,1012
HEATR9,0,1012
RPA3_ENST00000406109,0,1012
CHCHD7_ENST00000523975,0,1012
PGA3_ENST00000538258,0,1012
ULK3_ENST00000631115,0,1012
TAGLN,0,1012
USP17L25,0,1012
NDUFS7_ENST00000414651,0,1012
USP17L10,0,1012
COX6B2_ENST00000326529,0,1012
ATP5MF,0,1012
ETDB_ENST00000426364,0,1012
PEX16,0,1012
BPY2,0,1012
RPS15A_ENST00000563390,0,1012
OR4F5_ENST00000641515,0,1012
SERF1A_ENST00000317633,0,1012
NPIPA3,0,1012
TSPY10,0,1012
PLPP5_ENST00000531823,0,1012
CCDC187_ENST00000624277,0,1012
TSC22D3_ENST00000372390,0,1012
SF3B5,0,1012
GCA_ENST00000233612,0,1012
RBMY1A1_ENST00000303902,0,1012
PRKCE_ENST00000394874,0,1012
C8orf59_ENST00000614462,0,1012
TMEM191C_ENST00000545656,0,1012
HNRNPDL_ENST00000507721,0,1012
SPACA5B,0,1012
CBSL_ENST00000624406,0,1012
CLTRN,0,1012
CHCHD7,0,1012
DEFB103B,0,1012
USP12_ENST00000620323,0,1012
RPL17,0,1012
TIMM23,0,1012
NPIPA3_ENST00000526520,0,1012
LIMD2_ENST00000578402,0,1012
SLC10A7_ENST00000502607,0,1012
TROAP_ENST00000550709,0,1012
SPATA31A5,0,1012
GATD3B_ENST00000620015,0,1012
GPALPP1_ENST00000611650,0,1012
S100P,0,1012
TSPY3,0,1012
NDUFS7_ENST00000546283,0,1012
BLNK_ENST00000495266,0,1012
ZNF513,0,1012
C16orf74_ENST00000602583,0,1012
KCNE1_ENST00000416357,0,1012
C6orf48_ENST00000395788,0,1012
HNF1B_ENST00000617272,0,1012
BOLA2,0,1012
TSTD3,0,1012
COX11_ENST00000571584,0,1012
RPL26_ENST00000582556,0,1012
PFDN6_ENST00000374607,0,1012
SOCS7_ENST00000613678,0,1012
HES4,0,1012
ELOF1,0,1012
DDR1_ENST00000376575,0,1012
MYL12A,0,1012
RAMP2_ENST00000587142,0,1012
ACP5_ENST00000412435,0,1012
PDCD2_ENST00000537445,0,1012
UQCRHL,0,1012
SUMO4,0,1012
CFC1B,0,1012
DDT_ENST00000404092,0,1012
TMEM191C_ENST00000536718,0,1012
ETDA,0,1012
SUPT7L_ENST00000464789,0,1012
ELOB_ENST00000572954,0,1012
CT45A3,0,1012
C19orf24_ENST00000469144,0,1012
COPS7B_ENST00000631349,0,1012
AC021072.1,0,1012
TSR2,0,1012
NSMCE4A,0,1012
NBPF26_ENST00000617913,0,1012
ZNF80,0,1012
DMRTC1B_ENST00000373532,0,1012
GPX7,0,1012
USP17L25_ENST00000621472,0,1012
MROH1_ENST00000544576,0,1012
PNPT1_ENST00000625249,0,1012
ADH7,0,1012
CHCHD1,0,1012
POP7,0,1012
IQCF6_ENST00000647442,0,1012
TEX28,0,1012
PIGV,0,1012
ATP5IF1,0,1012
HSFY1_ENST00000382856,0,1012
TSPY8_ENST00000383005,0,1012
ATP5MPL_ENST00000553430,0,1012
NDUFA6_ENST00000470753,0,1012
BEX5,0,1012
C8orf59_ENST00000612809,0,1012
ELOA3B,0,1012
SLC3A1_ENST00000409740,0,1012
AATF,0,1012
HGH1,0,1012
LAMTOR4_ENST00000460732,0,1012
ANXA8L1_ENST00000611655,0,1012
RNF215_ENST00000619645,0,1012
HIST1H2AL,0,1012
MB_ENST00000397328,0,1012
PIGW_ENST00000620233,0,1012
LGI1_ENST00000627699,0,1012
OR2AP1_ENST00000321688,0,1012
RIBC1_ENST00000457095,0,1012
TP53TG3B,0,1012
MTRNR2L6,0,1012
AC106774.5,0,1012
SAP30,0,1012
HSFY2_ENST00000344884,0,1012
PPP2R5C_ENST00000556260,0,1012
SMR3B,0,1012
PCGF2_ENST00000620225,0,1012
PRR23D1,0,1012
GALNTL6_ENST00000511251,0,1012
PHETA1_ENST00000548163,0,1012
USP17L26_ENST00000610514,0,1012
TP53TG3C_ENST00000360260,0,1012
ANXA8_ENST00000583448,0,1012
NPIPA3_ENST00000531598,0,1012
GRIFIN,0,1012
CDY2A_ENST00000250838,0,1012
CARD8_ENST00000522431,0,1012
GTPBP6,0,1012
C17orf50,0,1012
SYNRG_ENST00000619541,0,1012
EXOSC1_ENST00000485122,0,1012
ELOF1_ENST00000589171,0,1012
PIGW,0,1012
LINC00672,0,1012
OPN1MW3,0,1012
COX17_ENST00000484810,0,1012
CCL3L1,0,1012
TEX54,0,1012
GNPTG_ENST00000527137,0,1012
ARL4C,0,1012
CT47A11,0,1012
SMIM26_ENST00000435844,0,1012
U2AF1L5_ENST00000623375,0,1012
POLR2H_ENST00000443489,0,1012
NBPF26_ENST00000609741,0,1012
CCDC124,0,1012
SPIN2B_ENST00000374910,0,1012
LINC02203,0,1012
TAF15_ENST00000603777,0,1012
COX7C_ENST00000247655,0,1012
DEFA1B,0,1012
H2AFB3,0,1012
ANTXRL,0,1012
MLLT6,0,1012
CD24_ENST00000619133,0,1012
PRR33,0,1012
USP17L30,0,1012
MT-ND4,0,1012
AC008162.2,0,1012
SPIN2A_ENST00000614076,0,1012
CHCHD7_ENST00000355315,0,1012
MRPL54,0,1012
ANKRD20A1,0,1012
IFT20_ENST00000578985,0,1012
EXOSC1,0,1012
FOXD4L6,0,1012
POLR3A_ENST00000616246,0,1012
PEX16_ENST00000532681,0,1012
MLLT11,0,1012
ATP5MF_ENST00000488775,0,1012
HIGD1B,0,1012
MYL12A_ENST00000536605,0,1012
TMEM216_ENST00000398979,0,1012
TUBB_ENST00000396389,0,1012
MSMB,0,1012
NPIPB3,0,1012
TRPC5OS,0,1012
RPL38_ENST00000439590,0,1012
ZNF233_ENST00000589522,0,1012
CSTA_ENST00000479204,0,1012
HIST2H4B,0,1012
ASCL1,0,1012
MAF_ENST00000393350,0,1012
HIST1H1D,0,1012
H2BFM_ENST00000598335,0,1012
TMED2_ENST00000509052,0,1012
ATP5IF1_ENST00000497986,0,1012
ACACA_ENST00000617649,0,1012
MOK_ENST00000524370,0,1012
SYN3_ENST00000619146,0,1012
OR2A42,0,1012
HIST2H3PS2,0,1012
TMA7,0,1012
ZNF200_ENST00000575948,0,1012
RMI2,0,1012
IL4R_ENST00000628578,0,1012
POLR2D_ENST00000409955,0,1012
CDPF1_ENST00000404744,0,1012
RASL10B,0,1012
HSD11B1L_ENST00000422535,0,1012
RANGRF_ENST00000407006,0,1012
BOLA2B,0,1012
BANF1_ENST00000533166,0,1012
DUX4_ENST00000616166,0,1012
CT45A3_ENST00000598716,0,1012
RETN,0,1012
RPL17_ENST00000579248,0,1012
RPL22L1_ENST00000463836,0,1012
AC073111.5,0,1012
TBC1D3C,0,1012
RPA3_ENST00000401447,0,1012
KRTCAP3_ENST00000288873,0,1012
AMY1B,0,1012
THAP5_ENST00000438865,0,1012
TSTD3_ENST00000636394,0,1012
MYOZ3_ENST00000520112,0,1012
RPS4X,0,1012
SPAG11A_ENST00000326625,0,1012
TMEM216,0,1012
LYZL6_ENST00000618542,0,1012
ASB8_ENST00000629941,0,1012
OR4F5,0,1012
FXYD3_ENST00000605552,0,1012
DPM1,0,1012
FXYD3_ENST00000603449,0,1012
OR4F16,0,1012
S100A16_ENST00000368706,0,1012
HNRNPH1_ENST00000630639,0,1012
SMN2_ENST00000628696,0,1012
AC233724.17,0,1012
ITPA,0,1012
NKRF_ENST00000371527,0,1012
FADS1_ENST00000460649,0,1012
RNF225,0,1012
GABARAPL2_ENST00000565057,0,1012
VMA21_ENST00000370361,0,1012
HNRNPCL3,0,1012
PRAMEF18,0,1012
CCDC124_ENST00000445755,0,1012
MAGEA2_ENST00000595583,0,1012
STARD13_ENST00000439831,0,1012
GATD3B_ENST00000624120,0,1012
OARD1_ENST00000373154,0,1012
SLC35G4,0,1012
AC126755.2_ENST00000327792,0,1012
PBXIP1_ENST00000368460,0,1012
KRTCAP3_ENST00000407293,0,1012
VKORC1_ENST00000319788,0,1012
ANKRD42_ENST00000528722,0,1012
DCTPP1_ENST00000568434,0,1012
NR2C2AP_ENST00000544883,0,1012
GAGE12F,0,1012
PRM3,0,1012
RETN_ENST00000629642,0,1012
MRPL40,0,1012
TMEM265,0,1012
UCK1_ENST00000372215,0,1012
UBE2L6,0,1012
TCEAL9_ENST00000372656,0,1012
GSTT2,0,1012
LYZ_ENST00000549690,0,1012
DBNDD1_ENST00000002501,0,1012
IQCF6,0,1012
RPS11_ENST00000596873,0,1012
LGI1_ENST00000478763,0,1012
CD63_ENST00000552692,0,1012
LETM2_ENST00000519476,0,1012
ADH7_ENST00000209665,0,1012
PPIA_ENST00000355968,0,1012
PIP4K2B,0,1012
DAZ3,0,1012
SUPT7L_ENST00000405491,0,1012
RDH5_ENST00000548082,0,1012
OR51B5,0,1012
SPEM3,0,1012
NPW_ENST00000566435,0,1012
RPL38_ENST00000534490,0,1012
ZNF200_ENST00000396868,0,1012
NBPF14_ENST00000593495,0,1012
AC011005.1,0,1012
MYL12A_ENST00000217652,0,1012
HSFY1_ENST00000309834,0,1012
CDPF1_ENST00000404583,0,1012
IKBKG_ENST00000594239,0,1012
UBE2C_ENST00000243893,0,1012
RPS29_ENST00000557111,0,1012
RPUSD1_ENST00000007264,0,1012
TRIB1_ENST00000519576,0,1012
RNASE8,0,1012
MTRNR2L5,0,1012
CTSV_ENST00000259470,0,1012
TAF5L_ENST00000366674,0,1012
CEMP1_ENST00000565480,0,1012
MARVELD3_ENST00000567501,0,1012
SDR39U1_ENST00000555365,0,1012
PATE2,0,1012
CADM4,0,1012
SUPT7L,0,1012
REXO2_ENST00000539754,0,1012
LY6G6C_ENST00000495859,0,1012
LAMTOR1,0,1012
TCEAL1_ENST00000372626,0,1012
LIPT1,0,1012
WDR75_ENST00000631047,0,1012
RBMY1F,0,1012
SYNRG_ENST00000614941,0,1012
U2AF1L5_ENST00000619610,0,1012
XAGE1B,0,1012
EIF3F_ENST00000640290,0,1012
VGLL4_ENST00000638314,0,1012
TEX51_ENST00000636457,0,1012
TEX38_ENST00000415500,0,1012
H2AFB1,0,1012
SPTY2D1OS_ENST00000636011,0,1012
PRR20D,0,1012
TP53TG3F_ENST00000617705,0,1012
CFC1B_ENST00000620207,0,1012
MYMX_ENST00000576476,0,1012
CTSG,0,1012
TIAF1,0,1012
LY6G6E_ENST00000409239,0,1012
AC073111.5_ENST00000641717,0,1012
DEFB104B,0,1012
ZNF689,0,1012
NBPF26_ENST00000619748,0,1012
TLX1,0,1012
SSX2_ENST00000337502,0,1012
USP17L18_ENST00000619296,0,1012
IFITM2_ENST00000399817,0,1012
PPP1R14B_ENST00000392210,0,1012
LTB,0,1012
JTB_ENST00000356648,0,1012
PDCD2_ENST00000614056,0,1012
GAS2L2_ENST00000618498,0,1012
BX276092.9_ENST00000636797,0,1012
RPUSD1_ENST00000567114,0,1012
NSMCE4A_ENST00000369017,0,1012
BPY2B_ENST00000615850,0,1012
TBC1D3I_ENST00000618620,0,1012
LYSMD1,0,1012
MT-CO1,0,1012
USP17L13_ENST00000616303,0,1012
LYZL6,0,1012
FCER1A,0,1012
BCAR1_ENST00000546196,0,1012
HES6_ENST00000409356,0,1012
NFATC2IP_ENST00000564978,0,1012
NPIPA8_ENST00000541810,0,1012
MCRIP1_ENST00000576679,0,1012
ATP6AP1_ENST00000619046,0,1012
NBPF26_ENST00000615145,0,1012
NUPR1,0,1012
PSMB8_ENST00000395339,0,1012
ANXA8L1_ENST00000622769,0,1012
ACP6_ENST00000392988,0,1012
ITGAX_ENST00000562918,0,1012
LIMS3,0,1012
EBP,0,1012
PRSS2_ENST00000539842,0,1012
NBPF26_ENST00000611702,0,1012
GDF2,0,1012
PGA3,0,1012
ELOF1_ENST00000591674,0,1012
TRA2B_ENST00000342294,0,1012
STK16_ENST00000409743,0,1012
ZNF846,0,1012
CCDC182,0,1012
RPS15A_ENST00000576436,0,1012
DAZ2_ENST00000449947,0,1012
ZNF200_ENST00000414144,0,1012
IFT22,0,1012
RANGRF,0,1012
COA1_ENST00000640232,0,1012
FAM156B_ENST00000616419,0,1012
SSX2,0,1012
MAGEA2B,0,1012
SMIM10L1,0,1012
RDM1_ENST00000619828,0,1012
CCNB2_ENST00000621385,0,1012
MPP6_ENST00000625307,0,1012
TEX28_ENST00000610938,0,1012
ETNPPL_ENST00000510706,0,1012
TRPM4_ENST00000599628,0,1012
TMEM262,0,1012
POLR2H_ENST00000438240,0,1012
RDM1_ENST00000612980,0,1012
NDUFS3_ENST00000528192,0,1012
RPL17_ENST00000580261,0,1012
MTRNR2L3,0,1012
MYO19_ENST00000620640,0,1012
TEX38,0,1012
PRR23D2,0,1012
SLX1B,0,1012
CT47A10,0,1012
LIMD2_ENST00000582055,0,1012
MORN2,0,1012
NPY4R2_ENST00000613306,0,1012
DUSP14_ENST00000613659,0,1012
KCNJ18,0,1012
UNC119_ENST00000470125,0,1012
CT47A7,0,1012
CCL4L2_ENST00000617416,0,1012
USP17L20,0,1012
ELOF1_ENST00000591912,0,1012
ATP5MPL_ENST00000557040,0,1012
RBM4_ENST00000483858,0,1012
DAZ2_ENST00000382424,0,1012
RBMY1F_ENST00000454978,0,1012
AC010325.1_ENST00000562076,0,1012
NDUFA4,0,1012
EXOC7_ENST00000406660,0,1012
RBMY1B,0,1012
RDM1_ENST00000639942,0,1012
RTP3,0,1012
FXYD5,0,1012
CLDN34,0,1012
POLR3G_ENST00000514483,0,1012
SCYGR5,0,1012
NBPF11_ENST00000614015,0,1012
ZNF564_ENST00000416136,0,1012
NFATC2IP_ENST00000568148,0,1012
MEIG1_ENST00000378240,0,1012
CDY1_ENST00000361963,0,1012
FAM186B,0,1012
MBD3L4,0,1012
IQSEC2_ENST00000638583,0,1012
GVQW3_ENST00000530460,0,1012
HTN3,0,1012
GSKIP,0,1012
PSMB8,0,1012
KRTAP13-1,0,1012
AGAP9,0,1012
ETV4_ENST00000586826,0,1012
TBC1D3F,0,1012
CSAG2_ENST00000638741,0,1012
TIMM8A_ENST00000480575,0,1012
PRAMEF13,0,1012
MYL1_ENST00000341685,0,1012
RPS20_ENST00000518875,0,1012
PINLYP_ENST00000562365,0,1012
CALM1_ENST00000544280,0,1012
SLC25A46_ENST00000509432,0,1012
LAMTOR4_ENST00000473459,0,1012
SMN2_ENST00000638794,0,1012
FXYD5_ENST00000590686,0,1012
HOXD8_ENST00000450510,0,1012
FXYD5_ENST00000423817,0,1012
CU633980.1,0,1012
RGPD5_ENST00000393283,0,1012
G3BP1_ENST00000627077,0,1012
USP17L15,0,1012
PLPP5,0,1012
CLDN10_ENST00000376855,0,1012
RDM1_ENST00000615378,0,1012
OR5BS1P,0,1012
FAM229A,0,1012
SPIN2A,0,1012
MAGEA2_ENST00000620710,0,1012
ANTXRL_ENST00000622632,0,1012
LYZ_ENST00000548839,0,1012
RBMY1D,0,1012
MRPL27_ENST00000511860,0,1012
ZC3H11B_ENST00000367211,0,1012
PRAMEF9,0,1012
AC009477.2,0,1012
CTCFL_ENST00000481655,0,1012
OR2A42_ENST00000391496,0,1012
OR2A7_ENST00000493325,0,1012
MYCBP2_ENST00000612956,0,1012
AC005551.1,0,1012
FCER1A_ENST00000368114,0,1012
RPS27L_ENST00000439025,0,1012
GAGE12B,0,1012
CFC1B_ENST00000619050,0,1012
LIMD2,0,1012
TMEM216_ENST00000334888,0,1012
PDCD2,0,1012
IFI27_ENST00000620066,0,1012
HIST2H2AA4,0,1012
PRR7_ENST00000510492,0,1012
RIN3_ENST00000557762,0,1012
TMCO2,0,1012
TMEM97_ENST00000582113,0,1012
MT-ATP6,0,1012
AC233724.16,0,1012
CIP2A_ENST00000625495,0,1012
MRPL45_ENST00000619548,0,1012
SSU72P2,0,1012
EMX2_ENST00000442245,0,1012
CENPVL3,0,1012
ZNHIT2,0,1012
CCL19,0,1012
NAA38_ENST00000576384,0,1012
APOL4_ENST00000328429,0,1012
RARS_ENST00000626454,0,1012
ERH_ENST00000555373,0,1012
TCP11X2_ENST00000642911,0,1012
SMIM30,0,1012
MTUS1_ENST00000519066,0,1012
MRPL41,0,1012
CHCHD1_ENST00000372837,0,1012
KCNK4,0,1012
PARVG_ENST00000466375,0,1012
TROAP_ENST00000549534,0,1012
UBE2C_ENST00000372568,0,1012
ZNF584_ENST00000596281,0,1012
PHETA1_ENST00000547838,0,1012
AC133555.3,0,1012
ZNF493_ENST00000599461,0,1012
IRF5_ENST00000357234,0,1012
MAP1LC3C,0,1012
UNC119_ENST00000301032,0,1012
IFI27,0,1012
TMSB4Y,0,1012
BIN3_ENST00000640731,0,1012
SSU72P5,0,1012
RNASEK_ENST00000570898,0,1012
CCNB2_ENST00000559622,0,1012
KRTAP9-6,0,1012
KCNE1B,0,1012
NRL_ENST00000396995,0,1012
REXO2_ENST00000544827,0,1012
PSMB3,0,1012
FAM72A_ENST00000468509,0,1012
CHCHD7_ENST00000523061,0,1012
TRIQK_ENST00000518748,0,1012
TNKS_ENST00000522110,0,1012
HSFX1,0,1012
IFT20_ENST00000395418,0,1012
USP17L10_ENST00000421288,0,1012
CAMK2N2,0,1012
SIK1B,0,1012
BANF1_ENST00000527348,0,1012
BPY2_ENST00000382585,0,1012
PPIAL4F,0,1012
RNASEK_ENST00000549393,0,1012
SETSIP,0,1012
CDK16_ENST00000518022,0,1012
KCNE1B_ENST00000623803,0,1012
UBE2C_ENST00000352551,0,1012
NOP2_ENST00000540228,0,1012
TROAP_ENST00000548311,0,1012
VPS8_ENST00000628962,0,1012
FAM122C_ENST00000623326,0,1012
AC135068.3,0,1012
CT83,0,1012
RGPD6,0,1012
SEM1,0,1012
GAGE12E,0,1012
FITM1_ENST00000559294,0,1012
SPATA31A3,0,1012
SYNRG_ENST00000622045,0,1012
PAGE4,0,1012
AC022167.5_ENST00000637237,0,1012
KRTAP2-1_ENST00000542137,0,1012
IFI27_ENST00000621160,0,1012
FAM156B_ENST00000416841,0,1012
RGPD5_ENST00000272454,0,1012
XAGE1B_ENST00000518075,0,1012
DNAJC28_ENST00000314399,0,1012
ZNF705E,0,1012
CDCA3_ENST00000540683,0,1012
ZNF134_ENST00000600344,0,1012
SPATA31A1,0,1012
TEX46_ENST00000622840,0,1012
EXOSC1_ENST00000370886,0,1012
ELP4_ENST00000638764,0,1012
NCOA4_ENST00000581486,0,1012
ANAPC13_ENST00000354910,0,1012
GOLGA6L10_ENST00000621197,0,1012
TP53TG3E_ENST00000611321,0,1012
TSPY4,0,1012
C17orf58,0,1012
CCL22,0,1012
RPA3_ENST00000396682,0,1012
C12orf76_ENST00000546627,0,1012
POU5F1_ENST00000638788,0,1012
CD99_ENST00000381180,0,1012
CCDC187,0,1012
RPS17_ENST00000561157,0,1012
DPM1_ENST00000371588,0,1012
APOL5,0,1012
ADH7_ENST00000437033,0,1012
NPIPB4,0,1012
METRN_ENST00000568415,0,1012
GGNBP2,0,1012
CT47A8,0,1012
PNKD_ENST00000248451,0,1012
TSPO2_ENST00000373158,0,1012
BEX5_ENST00000333643,0,1012
ZNF75A_ENST00000612186,0,1012
NCBP1_ENST00000629069,0,1012
CT45A2,0,1012
SCYGR6,0,1012
TLE7,0,1012
USP17L27,0,1012
LIMS3_ENST00000487150,0,1012
PPP1R14B,0,1012
TEX13D,0,1012
RDM1,0,1012
RMDN3_ENST00000338376,0,1012
STXBP1_ENST00000476182,0,1012
S100A14_ENST00000476873,0,1012
MAF,0,1012
PLPP5_ENST00000419686,0,1012
HSFX3,0,1012
MRNIP_ENST00000610475,0,1012
MAFG_ENST00000392366,0,1012
CDC42SE1_ENST00000357235,0,1012
TMEM139_ENST00000409244,0,1012
U2AF1L5,0,1012
NAV1_ENST00000593583,0,1012
NOMO2_ENST00000620440,0,1012
IKBKG_ENST00000611176,0,1012
FAM186B_ENST00000551047,0,1012
SMIM30_ENST00000441359,0,1012
CGGBP1_ENST00000482016,0,1012
DDX55_ENST00000421670,0,1012
CFAP126,0,1012
ATP5MPL_ENST00000554713,0,1012
ATP5IF1_ENST00000465645,0,1012
TAGLN_ENST00000530649,0,1012
CDY1B_ENST00000382407,0,1012
ADSSL1_ENST00000555674,0,1012
TUBB_ENST00000330914,0,1012
USP6NL_ENST00000609853,0,1012
PCGF3_ENST00000620529,0,1012
GGNBP2_ENST00000611219,0,1012
MT-CO2,0,1012
TSHB_ENST00000369517,0,1012
POLR2H_ENST00000456318,0,1012
TNFRSF12A_ENST00000341627,0,1012
ROPN1_ENST00000495093,0,1012
PMIS2_ENST00000646476,0,1012
CXCL10,0,1012
B3GNT8,0,1012
C19orf25_ENST00000591027,0,1012
MYOCOS_ENST00000636788,0,1012
ZNF200_ENST00000396871,0,1012
SLC6A11_ENST00000454147,0,1012
TRIQK_ENST00000517858,0,1012
CRYAA2_ENST00000624019,0,1012
HNF1B_ENST00000620125,0,1012
CPSF7_ENST00000541963,0,1012
AP000790.3,0,1012
NAT1_ENST00000520546,0,1012
RBM4_ENST00000532968,0,1012
CRBN_ENST00000629101,0,1012
MOK_ENST00000523231,0,1012
OARD1,0,1012
GSKIP_ENST00000438650,0,1012
MOK_ENST00000517966,0,1012
S100G,0,1012
MTRNR2L13,0,1012
ETNPPL_ENST00000411864,0,1012
RRNAD1_ENST00000524343,0,1012
TEX51,0,1012
BBOF1_ENST00000463558,0,1012
GARS_ENST00000627489,0,1012
GPR182_ENST00000622922,0,1012
GOLGA6L10,0,1012
AIF1_ENST00000376049,0,1012
POTEB3,0,1012
EOGT_ENST00000615922,0,1012
CT47A9,0,1012
KRTAP5-9,0,1012
MAGED4B_ENST00000497164,0,1012
TCEAL2_ENST00000329035,0,1012
TRIQK_ENST00000524107,0,1012
BGN,0,1012
ZNF658,0,1012
AC073111.5_ENST00000642087,0,1012
KRTAP2-2_ENST00000542910,0,1012
NCOA4_ENST00000583565,0,1012
KRTAP20-3,0,1012
AC135050.2,0,1012
TAF15,0,1012
RPS29,0,1012
HSFX4,0,1012
MORN2_ENST00000340556,0,1012
C6orf48_ENST00000375638,0,1012
CCL4L2_ENST00000620576,0,1012
PINLYP,0,1012
FXYD3_ENST00000605677,0,1012
DBNDD1_ENST00000392973,0,1012
ORMDL3_ENST00000584220,0,1012
ANKRD20A4_ENST00000615302,0,1012
CCL14,0,1012
CHCHD7_ENST00000521524,0,1012
IRF8_ENST00000562492,0,1012
SPAG11A_ENST00000454911,0,1012
CENPVL1,0,1012
TADA2A_ENST00000612272,0,1012
CDC23_ENST00000505120,0,1012
SMIM10L2A,0,1012
ORAI1,0,1012
AC106774.9,0,1012
FAM92A_ENST00000522324,0,1012
DAZ2_ENST00000382449,0,1012
TSPY3_ENST00000440483,0,1012
VKORC1_ENST00000394971,0,1012
CSTF3_ENST00000431742,0,1012
RPL38_ENST00000533498,0,1012
GPHA2,0,1012
NDUFS3_ENST00000534716,0,1012
ANXA8L1_ENST00000584982,0,1012
AC068987.5,0,1012
ARHGAP23_ENST00000620417,0,1012
C10orf105,0,1012
NPIPB12_ENST00000458643,0,1012
NDUFS3_ENST00000529276,0,1012
MESP1,0,1012
OAS2_ENST00000449768,0,1012
ZNF200,0,1012
MYO19,0,1012
NKRF_ENST00000304449,0,1012
TRIM75P,0,1012
USP17L4,0,1012
MAGEA2B_ENST00000370293,0,1012
TBC1D3B,0,1012
CDK5_ENST00000297518,0,1012
NSA2_ENST00000296802,0,1012
ACP6_ENST00000487562,0,1012
OARD1_ENST00000469104,0,1012
DNAJC28,0,1012
PRKAB1_ENST00000540121,0,1012
TRIQK_ENST00000378861,0,1012
ATP5MPL_ENST00000555030,0,1012
SWSAP1,0,1012
LAMTOR4_ENST00000468582,0,1012
RGPD5,0,1012
ACACA,0,1012
KRTAP23-1,0,1012
SPACA5_ENST00000376940,0,1012
SMN1_ENST00000625245,0,1012
PDCD2_ENST00000443345,0,1012
SMIM32,0,1012
UQCC2_ENST00000374214,0,1012
FAM156A_ENST00000617970,0,1012
GATD3B,0,1012
C1orf52_ENST00000344356,0,1012
TXNL4A_ENST00000592837,0,1012
AC021097.2,0,1012
LAMTOR4_ENST00000441173,0,1012
SMR3B_ENST00000614072,0,1012
PCLAF,0,1012
ARMH2,0,1012
ACACA_ENST00000612895,0,1012
AC018554.3,0,1012
CCDC86_ENST00000545580,0,1012
PNOC_ENST00000522209,0,1012
PTRH2_ENST00000470557,0,1012
IFT20_ENST00000578122,0,1012
NPIPB13_ENST00000618637,0,1012
C4orf46_ENST00000508457,0,1012
SCGB3A1,0,1012
CDCA3_ENST00000535406,0,1012
UBE2V1_ENST00000420027,0,1012
PGAM1,0,1012
C6orf48,0,1012
EPO,0,1012
GLMP_ENST00000622703,0,1012
RNF32_ENST00000392741,0,1012
DAZ1_ENST00000540248,0,1012
CCL15,0,1012
NBPF26,0,1012
CD63_ENST00000552754,0,1012
AL136373.1,0,1012
FLVCR2_ENST00000555027,0,1012
CUTA_ENST00000494751,0,1012
AC093323.1,0,1012
TRIQK_ENST00000537541,0,1012
C12orf73_ENST00000546540,0,1012
BTBD7_ENST00000555525,0,1012
ZNF705D,0,1012
MAGEA2_ENST00000623438,0,1012
TNNC1,0,1012
PDHA1_ENST00000379804,0,1012
MTCP1,0,1012
GAGE12C,0,1012
SLX1B_ENST00000351581,0,1012
SPANXB1,0,1012
TP53INP2,0,1012
ABCC6_ENST00000575728,0,1012
SMIM11B_ENST00000622934,0,1012
NFATC2IP,0,1012
NRN1,0,1012
GAGE12G,0,1012
SSSCA1,0,1012
PRPS1_ENST00000646815,0,1012
SMIM11B_ENST00000624758,0,1012
MRPL34_ENST00000602206,0,1012
RNFT1,0,1012
STXBP2_ENST00000612033,0,1012
FXYD5_ENST00000392218,0,1012
IRF5_ENST00000249375,0,1012
ARL2BP_ENST00000562023,0,1012
MTRNR2L12,0,1012
RPL38_ENST00000584577,0,1012
H3.Y,0,1012
VKORC1,0,1012
CCL18,0,1012
SPTY2D1OS_ENST00000511927,0,1012
RPS29_ENST00000554075,0,1012
IFT22_ENST00000498704,0,1012
SRCIN1_ENST00000621492,0,1012
OPN1MW2,0,1012
CARD8_ENST00000519332,0,1012
C8orf44_ENST00000390159,0,1012
FAM237B,0,1012
RANGRF_ENST00000580434,0,1012
FXYD5_ENST00000541435,0,1012
HMGN2_ENST00000619352,0,1012
PCGF2_ENST00000616129,0,1012
CXorf51B,0,1012
MT-CO3,0,1012
ARL4C_ENST00000390645,0,1012
LIMD2_ENST00000578993,0,1012
TCEA3_ENST00000461794,0,1012
ACP5,0,1012
SSX2B_ENST00000596480,0,1012
XYLB_ENST00000427323,0,1012
PMIS2,0,1012
HYPM,0,1012
RBM3_ENST00000354480,0,1012
DAZ2_ENST00000382306,0,1012
KRTAP22-2,0,1012
S100A14_ENST00000344616,0,1012
PSMB8_ENST00000374881,0,1012
HUS1B,0,1012
TEX53,0,1012
CETN3_ENST00000283122,0,1012
TRIM45_ENST00000369464,0,1012
MORN2_ENST00000409077,0,1012
VCY,0,1012
CISD3,0,1012
NDUFB2_ENST00000475276,0,1012
TTC36,0,1012
PRAMEF27,0,1012
USP17L19,0,1012
TMED2,0,1012
DDT,0,1012
TSPY1_ENST00000423647,0,1012
NR2C2AP_ENST00000538165,0,1012
CDC42SE1_ENST00000540998,0,1012
CXCL3,0,1012
EMX2,0,1012
PINLYP_ENST00000562255,0,1012
C15orf61,0,1012
RBMY1A1,0,1012
VKORC1_ENST00000354895,0,1012
PRAMEF8,0,1012
RPL36AL,0,1012
POU5F1_ENST00000512818,0,1012
TMEM97_ENST00000583381,0,1012
GK3P,0,1012
MAGED4B_ENST00000360134,0,1012
OARD1_ENST00000628419,0,1012
IQCF5,0,1012
DIAPH1_ENST00000643312,0,1012
CBY3,0,1012
OPN1MW,0,1012
FP565260.4,0,1012
FO681492.1_ENST00000622861,0,1012
SPIN2B,0,1012
MYL12A_ENST00000578611,0,1012
FOSL1_ENST00000448083,0,1012
M6PR_ENST00000536844,0,1012
CCL4L2_ENST00000615418,0,1012
RPS17,0,1012
NDUFS3_ENST00000534208,0,1012
PRSS2_ENST00000632805,0,1012
ZNF655_ENST00000320583,0,1012
SPATA31A7,0,1012
PRAMEF8_ENST00000614831,0,1012
C6orf48_ENST00000375642,0,1012
DEFB105A,0,1012
COA5_ENST00000409997,0,1012
TCP11X1_ENST00000622971,0,1012
USP17L21,0,1012
CDY1B,0,1012
RAB7B_ENST00000617070,0,1012
HEATR1_ENST00000366579,0,1012
GSKIP_ENST00000554182,0,1012
GLIPR1L1_ENST00000548623,0,1012
CYB5D1,0,1012
GOLGA6L9,0,1012
DUXB,0,1012
SCX,0,1012
HIGD1B_ENST00000591513,0,1012
APOL4_ENST00000397275,0,1012
NBPF26_ENST00000611287,0,1012
NKRF,0,1012
ZNF771,0,1012
ELOB_ENST00000409906,0,1012
DAZ2_ENST00000382440,0,1012
GPATCH11,0,1012
ACYP1_ENST00000555694,0,1012
GAS2L2,0,1012
ACTR3C_ENST00000613959,0,1012
AC233724.20,0,1012
DUSP28,0,1012
MTRNR2L4,0,1012
U2AF1L5_ENST00000639996,0,1012
C12orf76_ENST00000547573,0,1012
PRAMEF5,0,1012
SAPCD1,0,1012
CCL5_ENST00000605140,0,1012
BX255925.3,0,1012
CLDND2,0,1012
DUSP14_ENST00000617516,0,1012
SPIN2B_ENST00000275988,0,1012
RBMY1J,0,1012
MPST_ENST00000628507,0,1012
TBC1D3,0,1012
BRF2_ENST00000521170,0,1012
TUBGCP5_ENST00000620435,0,1012
FXYD5_ENST00000392217,0,1012
ANAPC16_ENST00000615507,0,1012
ADH7_ENST00000482593,0,1012
INAFM2,0,1012
PRR7,0,1012
KLF2_ENST00000592003,0,1012
ZFPL1_ENST00000525509,0,1012
EHF_ENST00000527935,0,1012
UCK1_ENST00000372210,0,1012
C6orf48_ENST00000375635,0,1012
OLFM1_ENST00000371801,0,1012
RPL26,0,1012
EIF4EBP2,0,1012
TAGLN_ENST00000392951,0,1012
USP17L11,0,1012
UBE2B,0,1012
TLE6_ENST00000482627,0,1012
PPIAL4D,0,1012
OR10G6,0,1012
TAAR5,0,1012
TNP2,0,1012
RBFA,0,1012
FOXD4L4,0,1012
SNAPC5_ENST00000566658,0,1012
MT-ND2,0,1012
LY6L,0,1012
DAZ3_ENST00000446723,0,1012
PGA3_ENST00000543125,0,1012
XAGE2,0,1012
COQ4_ENST00000372875,0,1012
OR4E1_ENST00000610316,0,1012
LIPT1_ENST00000393471,0,1012
POU5F1_ENST00000620031,0,1012
TP53TG3F,0,1012
CWC25,0,1012
NUDT4B,0,1012
OR4F21,0,1012
TTC38_ENST00000629918,0,1012
